user_tweet_id,user_id,user_query,intent,intent_confidence,ideal_response
637480,262384,"L’ultimo aggiornamento per #iPhone è una schifezza. Leeeeennnnntooooooooooo.....e un sacco di altri problemi. 
#Apple @115858",ios_update_issue,0.2696499526500702,@262384 We offer support via Twitter in English. Contact us for help in your preferred language here: https://t.co/IBIY3vMgPj
2069142,611886,"I've been trying to reset my apple password for a month.@115858, you should be ashamed of your horrible customer service.  You've had 4",general_inquiry,0.30473965406417847,@611886 We're happy to look into this issue with you. Meet us in DM and we'll see how best to proceed with your password reset. https://t.co/GDrqU22YpT
1863180,169237,So this Mac High Sierra update just crashed my laptop @AppleSupport! And recovery isn’t working!,app_crash,0.298566997051239,@169237 We'd like to hear more about what's going on. Please DM us about the issue you're experiencing and we'll go from there. https://t.co/GDrqU22YpT
2113942,450705,@AppleSupport 10.13.1 and I have a MacBook Pro with Touch Bar.,general_inquiry,0.2588516175746918,"@450705 Thanks for letting us know, can you confirm via DM when you first started to notice this? https://t.co/GDrqU22YpT"
2730373,765479,My phone is lagging so bad after the update and iPhone 8 came out. @115858 do something about this,ios_update_issue,0.5627204775810242,"@765479 Hi. We definitely know how important your iPhone performance is and will be glad to help. To get started, what is your iOS version? Go to Settings &gt; General &gt; About for that. Also, do you recall which version iOS you had prior to updating?"
1745475,285828,@AppleSupport how can i restore my country/region of mu App Store? It's say like this https://t.co/0yNbEsMe0q,general_inquiry,0.18376800417900085,@285828 Let's get to the bottom of this. Did you change your country/region in your settings before getting this message?
2043305,604241,I was calling somebody but they weren’t picking up so I hung up and the phone continued ringing... @115858 care to explain this spooky shit,battery_drain,0.18887107074260712,@604241 We'd be happy to look into this with you more in detail.  Please reach out to us via DM and we'll get started. https://t.co/GDrqU22YpT
462054,224808,"@AppleSupport Yes, it resolved. But please bring swipe up to close apps back (without the step of pressing down again to get red dots with minus signs to close them).",app_crash,0.441687673330307,@224808 We're glad to hear it's working as expected. We value and welcome your feedback and recommendations through the following link: https://t.co/eTPVYVFyd8 DM us with any additional questions. https://t.co/GDrqU22YpT
2304366,668612,"@AppleSupport This is all. When i click the adress nothing happens, either show more info. This is not the first time although. https://t.co/jRbRdsTsGt",ios_update_issue,0.20393426716327667,@668612 Check out this link to see how to identify and report suspicious emails: https://t.co/LNMCdqt6fD
1332412,430831,@AppleSupport Yes &amp; I have tried turning it on with both contacts only &amp; everyone.,general_inquiry,0.1746208369731903,"@430831 We notice that your initial tweet said Airdrop ""still"" doesn't work. Was this an issue before iOS 11?"
2587385,458607,@AppleSupport The Mac is under usage with an external screen connected. Only in vertical mode or with some inclination the noise appears,battery_drain,0.1897665560245514,@458607 That can very well be the stand. Send us a DM if you need addional assistance. https://t.co/GDrqU22YpT
2725567,764380,@764381 @115858 fix this shit,ios_update_issue,0.14740368723869324,@764380 Here’s what you can do to work around the issue until it’s fixed in a future software update: https://t.co/xXaXeeSRt9
404656,211772,First road trip with updated @115858 podcast app. It’s all kinds of awful. Only plays 1 in a show then stops? No option but open to latest?,ios_update_issue,0.2840639352798462,"@211772 We're here for you. Check out the ""Listen continuously with Up Next"" section here: https://t.co/gQVExEKnrj"
2373182,167833,@AppleSupport these autocorrect typos are weakening my social game! 😂 😑,battery_drain,0.08867305517196655,"@167833 Please let us know exactly what's going on. Are these issues occurring when typing certain letters on your device? If so, please take a moment to back up your device and ensure your device is fully updated. Here's a guide: https://t.co/ahjigcvFRG"
542493,245921,@AppleSupport I have iOS 11.1.2,ios_update_issue,0.4167107939720154,"@245921 Thanks for that information. What we would like for you to do is update your iPhone to the most current iOS version 11.2 available. Follow the steps carefully in this link: https://t.co/osZOKKTalm As always, we do recommend having a backup before updating."
612893,355605,@AppleSupport What about seeing that in messages on my MacBook Air?,general_inquiry,0.3524550497531891,@355605 Let's help. Are you currently syncing your messages from your iPhone over to the computer? Does this happen when sending messages or only when receiving them?
1082999,375461,@AppleSupport Get a head start on your upgrade to iPhone X on 10.23.,ios_update_issue,0.4120849072933197,"@375461 Let's get you in the right place. To learn more, contact our Online Sales Support team here: https://t.co/8yjRd1Xo0i"
332105,195071,@AppleSupport WTF is up with #iOS 11.0.2 that I can’t save pics from mail to my photos file?? Gone again!! https://t.co/3Y3JXa36U6,ios_update_issue,0.4224632680416107,"@195071 Let's take a look at this. Please send us a DM, so wee can investigate further. https://t.co/GDrqU22YpT"
870285,326635,I think I missed my return window...🤣 @115858 @AppleSupport #softwarefail https://t.co/gOrKlJGU8v,app_crash,0.26675355434417725,@326635 We'd like to look into this with you. DM us and we'll get started. https://t.co/GDrqU22YpT
1706165,517099,"@AppleSupport Still not working after I installed iOS 11.1 again, are you going to launch a new update soon for iphone X ?",ios_update_issue,0.5240838527679443,"@517099 Reach out to us via DM, then we can dig in to this further with you from there. https://t.co/GDrqU22YpT"
94744,136580,@AppleSupport 11.0.1 15A403,general_inquiry,0.26787662506103516,"@136580 An update has been released to assist with this issue. If you haven’t yet, please back up your device and update it to iOS 11.1.2. For more info, check out: https://t.co/4f8hwT5to6"
629721,269181,"@AppleSupport Since the High Sierra update, my iMac crashed almost every week, since yesterday it was every 5 minutes and today it won’t start. And I don’t have a backup, there is a way to do one?",app_crash,0.33885669708251953,@269181 We want to help. Send us a DM and we'll go from there. https://t.co/GDrqU22YpT
709060,289532,@AppleSupport trying to restore from iCloud back up. Need 11.02 on new phone first however all I get when attempting to update https://t.co/LSWHrWPkqa,ios_update_issue,0.36307427287101746,@289532 We're here to help. Have you tried updating through iTunes? If not you can do so by following these steps: https://t.co/80YRnjDFDk
365276,202522,"@115858 @AppleSupport 2/3 #Ios11
#Iphone &amp; IPad Power drainage to quick/charging too slow",battery_drain,0.48296791315078735,"@202522 We can help. DM us, and we'll see what we can do. https://t.co/GDrqU22YpT"
2360371,681646,"@AppleSupport How do I get to the Chat support for Apple Support? I need to leave a feedback for an app, but it's now impossible to do now that the App Store is no longer part of iTunes. Without this feature, some flawed games may go away unscathed.",general_inquiry,0.3474244475364685,@681646 We're happy to help you with this. Let's meet up in DM and work together. https://t.co/GDrqU22YpT
556203,249930,"@AppleSupport ios11.1.2 crashes every 2 min with the spinning wheel!this is a shame...piece of shit!
Please bring Steve Jobs seriously lol",ios_update_issue,0.48289015889167786,"@249930 Thanks for bringing this issue to our attention. Follow the steps in this article and let us know how it goes. 

iPhone unexpectedly restarting: 
https://t.co/osZOKKTalm"
2408546,692578,@AppleSupport hello  when will the A box I️ issue be fixed?,general_inquiry,0.3407759666442871,@692578 We'd like to help. Can you tell us the version of iOS 11 installed in Settings &gt; General &gt; About?
374542,204809,"@AppleSupport It has happened twice. Both times, after updating to the latest iOS 11 update. Most recently last night updated and tonight no iCloud Music.",ios_update_issue,0.2894474267959595,@204809 Got it. Are 'Show Apple Music' and 'iCloud Music Library' turned on in Settings &gt; Music?
1798694,196360,@AppleSupport what does this mean? And why can’t I connect to the App Store on my laptop? #applesupport #mac #issues #stressed https://t.co/rUchKqEgGj,general_inquiry,0.35033974051475525,@196360 We want to help! DM us and let us know what model of Mac you are having this issue with to get started. https://t.co/GDrqU22YpT
1208449,403735,@AppleSupport my iPhone 7 Plus keeps freezing after update! HELP!!,ios_update_issue,0.5558251142501831,@403735 We'd love to work together on this with you. Meet us in DM with additional details to get started: https://t.co/GDrqU22YpT
1930379,576661,@277633 @115858 Agreed. My 7sP has only had issues since 8 came out.  My kid is going to beat me soon with her 7sP all it’s issues.  @115858 software bytes,app_crash,0.3000098764896393,"@576661 Reach out to us via DM and let us know the type of issues you're having, then we can help resolve them from there. https://t.co/GDrqU22YpT"
1760456,529849,@115858 @AppleSupport Sick*,general_inquiry,0.188391774892807,@529849 Here’s what you can do to work around the issue until it’s fixed in a future software update: https://t.co/xXaXeeSRt9
313011,190750,Were battery usage and connectivity issues even addressed in iOS 11.0.2? I’ve been stuck to my wall smh @applesupport,ios_update_issue,0.5383932590484619,@190750  We're happy to help with this battery issue. Join us in DM so we may better assist you: https://t.co/GDrqU22YpT
1391866,443724,@AppleSupport phishing mail this morning asking to change term and conditions else I'd would be locked out. Verify,general_inquiry,0.22370222210884094,"@443724 We've received your DM, and we'll continue working with you there. https://t.co/GDrqU22YpT"
1712464,518693,@115858 It did it again goodbye,battery_drain,0.18514305353164673,@518693 Here’s what you can do to work around the issue until it’s fixed in a future software update: https://t.co/xXaXeeSRt9
335284,195923,"@AppleSupport MacBook Pro won’t turn on, tried disconnecting the battery and powering via Mac safe cable...still nothing #help",battery_drain,0.2801471948623657,@195923 Let's look at this together. Please DM us. https://t.co/GDrqU22YpT
1503985,469079,@AppleSupport @116333 when i did my factory setting after that my phone stuck in activation mode .. i tried many time but not support,general_inquiry,0.26910945773124695,"@469079 Having a reliable iPhone is important, and we’ll do everything we can to help. Did you use iTunes to restore your iPhone?"
2970217,819280,My iPhone has been slow as shit ever since the new phones came out thanks so much @115858 !!!!!!!!,ios_update_issue,0.6153684854507446,"@819280 We want to ensure you're getting the performance that's expected from your iPhone. To ensure we provide the best support, let us know the exact iOS verson shown in Settings &gt; General &gt; About"
1699827,515482,So @AppleSupport  when are y’all going to fix this“I️ “? 🤔,general_inquiry,0.2319837063550949,@515482 Here’s what you can do to work around the issue until it’s fixed in a future software update: https://t.co/xXaXeeSRt9
2696065,724468,@AppleSupport No. This has been happening for two weeks. It pops up every five minutes. All apps up to date and old ones deleted.,app_crash,0.3679502010345459,@724468 Understood. We'd like to take a further look into this with you. Please join us in DM. https://t.co/GDrqU2kzhr
1649048,503739,Someone sent me an Animoji and it fucked up my phone. Wtf @115858,ios_update_issue,0.20472949743270874,@503739 We're here to help. What's going on with your iPhone?
61293,130034,"@AppleSupport I've tried to update on my computer it stated that I can't do because of some error, it takes about 2 hours. No matter how times I try I see an error message",ios_update_issue,0.3438234329223633,@130034 We would love to assist you and get your device updated. Join us in DM and we'll look into this issue further: https://t.co/GDrqU22YpT
583597,257647,"@AppleSupport Agree. Unfortunately I would have had to stop the restore before I could update... Now: I‘ve stopped it, backed up, and now restoring to a new device (the previous iPhone has a hw problem). Fingers crossed 🤞🏻",ios_update_issue,0.5484760999679565,@257647 Please let us know how things go after you have updated your device.
2750445,770039,"Hey @AppleSupport what is going on here? That was a browser window playing a video. I can still hear it, so the computer hasn't crashed bit it's non responsive. #help! https://t.co/4u4kYEvLcr",app_crash,0.4176967144012451,@770039 You're in the right place for help. Is the entire Mac unresponsive or only Firefox? Are you able to restart your Mac to see if the issue persists?
1769979,532120,"But my WiFi is on and perfect . Help ?

P.s I’ve restarted both phone and WiFi . 

@AppleSupport https://t.co/e8daCXjase",wifi_connectivity,0.47114020586013794,@532120 Thanks for reaching out. We recommend the steps in our article here: https://t.co/p76GaaqIbO Keep us posted on the results.
1515369,471579,I wanna know why I’m still getting emails from people I been unsubscribed from @119033 @AppleSupport @61811,general_inquiry,0.14338648319244385,@471579 We'd like to help. Let us know in DM when you unsubscribed to continue. https://t.co/GDrqU22YpT
292383,185634,Cannot control #iPhone #AppleMusic from #AppleWatch #watchos4 #iOS11 @AppleSupport,general_inquiry,0.2381877601146698,@185634 We're here for you. What happens when you attempt to control the music playback as shown here? https://t.co/kPrTO9IGph
1295632,422850,@AppleSupport ayy good looks,general_inquiry,0.24859686195850372,@422850 Let us know if you have any further questions.
1777889,534192,"@AppleSupport iPhone 6, 11.0.3",ios_update_issue,0.3720801770687103,@534192 Let’s review your usage. Navigate to Settings&gt;Battery. What appears to have consumed the most power over the last 7 days?
2302711,668207,@AppleSupport How do you recover an Apple ID if you can't remember the email address?,general_inquiry,0.22356845438480377,"@668207 Great question. If you can't remember the email address, you can try searching for it in our system or these steps here: https://t.co/buxNpfhIIM"
901592,334036,@AppleSupport Hello.. Can i know if an iphone is new or refurbished?,general_inquiry,0.432232141494751,@334036 We’d suggest reaching out to the place of purchase. Find local Apple Authorized Service Provider: https://t.co/PruGCHO1ib
700141,287061,@134682 where is MY DELIVERY??? SCAM! Letting @115858 know ur CO scams them as well. No delivery. Will cx order with Apple BC of You!,general_inquiry,0.25805842876434326,"@287061 Thanks for reaching out. For issues with an order, connect with our Apple Online Store support here: https://t.co/8yjRd1Xo0i"
548182,247560,@115858 @AppleSupport I can't log-in at all after install the HS security patch. 😒,app_crash,0.1963881552219391,"@247560 We’ll be glad to help out. To be sure we’re on the same page, can you tell us the device you’re using, and what happens when you try to log in?"
2229372,524074,@118845 is this normal after 6 months ? https://t.co/PfwWDa72J9,ios_update_issue,0.1882304847240448,"@524074 That's not expected behavior. We want to see how we can help and what options are available. To start, can you DM us your country? https://t.co/GDrqU22YpT"
1905504,567811,"Ever since the new IOS update my phone dies at 8% instead of 1% @115858 WHAT THE FUCK, MAN.",ios_update_issue,0.5086187124252319,"@567811 We know how vital the battery is. Please check out this article: https://t.co/TpjqFp3jxD  

DM us the result. https://t.co/GDrqU22YpT"
2246733,654773,@115858 have problem with iPhone x app store unable to install new aps pls suggest what to do next https://t.co/Gcibhk9kYP,ios_update_issue,0.4555898606777191,"@654773 Let's look into this together. Send us a DM with your current iOS version, and we'll continue together there. https://t.co/GDrqU22YpT"
2793224,779508,How can an @115858 iPhone charger that CAME WITH the phone suddenly say it doesn’t support the phone.. dog shit!,battery_drain,0.2664068639278412,"@779508 We know how critical it is to be able to charge your iPhone. Please try all steps in section ""If an alert says that your accessory isn't supported or certified"" here: https://t.co/uqxquyfdn0 If this doesn't help, please DM us the exact version of iOS running. https://t.co/GDrqU22YpT"
1927555,573654,Pretty much every podcast I try to play does this @AppleSupport why??? They work fine on my android phone https://t.co/fi8WooeyvG,general_inquiry,0.2272423952817917,@573654 We’d love to help. Send us a DM with which iOS version you’re using if restarting the iPhone doesn’t resolve the issue. https://t.co/GDrqU22YpT
1713055,224528,@AppleSupport @518860 I can’t turn off this my iPhone 6s need help how to turn on please help me apple. https://t.co/KnyKzTsxbb,battery_drain,0.20588766038417816,@224528 We want to help. Try following these steps and DM us if you still have issues after that: https://t.co/H7w57rsYVQ https://t.co/GDrqU22YpT
2572061,729353,@AppleSupport I have an IPhone with applecare+. How it’s work when I give it for reparation in an apple Premium reseller?,general_inquiry,0.5113661289215088,@729353 We've got your DM and will continue working there to address your questions.
65663,131031,"@AppleSupport I lose the password for my account, ask for help and months later I'm still paying for apple music. Called again and the support agent put me on hold then hung up. I need it cancelled now, I'm paying for nothing.",general_inquiry,0.3522406816482544,@131031 We can understand wanting to cancel the subscription. We'd want to get you in touch with our iTunes Store support here: https://t.co/SDIe7UiyJN
2077420,614404,@AppleSupport 1. Screen not working sometimes 2. Keypad for calling hangs 3. Apps hang commonly  most of times when u need a phone ur phone is hanged,app_crash,0.524019718170166,"@614404 Alright, no problem. Let us know if all the apps are currently up-to-date in DM. We’ll continue troubleshooting there. https://t.co/GDrqU22YpT"
959342,347608,Holy fuck my phone lags so bad this is not acceptable @115858,battery_drain,0.3432869613170624,@347608 We'd be happy to look into this with you! Which iOS version are you on?
2012494,595087,@116333 aye fam.. can we get this Apple update on the messages and these ? that are everywhere. It’s mad annoying.,general_inquiry,0.30317938327789307,@595087 We'd like to see if we could help. Meet us in DM with some more details of what is happening and we will go from there. https://t.co/GDrqU22YpT
98822,137628,@AppleSupport It's working now,general_inquiry,0.15773510932922363,"@137628 Glad to hear that things are working as expected once again. Let us know if we can be of any other assistance, and have a wonderful rest of your day!"
2142358,629911,Hi @115858 hi @115725 ever since i upgrade to ios11 my phone randomly loses service pretty regularly in areas i always have service. It goes out for a few mins at a time then randomly kicks back in. Please remedy ASAP cause it’s quite obnoxious as you can imagine.,ios_update_issue,0.4115884304046631,@629911 We want to help. Reach out to us in DM and we’ll see what we can do to help.
2786386,670640,@AppleSupport Why are pictures blurry? Smh.,ios_update_issue,0.21270248293876648,@670640 We'd love to help! Is this occurring for all new photos taken with your device? Or is it occurring on existing photos that were previously clear and sharp? Please let us know all about it.
2787822,778260,@AppleSupport It doesn’t work with any device ever fam it’s a software issue,general_inquiry,0.3004388213157654,@778260 We'd like to look into this further. Join us in DM here: https://t.co/GDrqU22YpT
1655008,505098,Y’all better fix this I️ shit @115858 @AppleSupport,ios_update_issue,0.1842229664325714,@505098 Thanks for reaching out. We have a workaround for this here: https://t.co/xXaXeeSRt9 DM us if you still need help.
2519449,717658,@AppleSupport FOR SOME REASON I CANT CALL IT AUTOMATICALLY DECLINES IT WHEN I TRY CALLING OR SOMEONE CALLS ME HELP ME IM CRIN,general_inquiry,0.2188149392604828,"@717658 We're glad to look into this with you. To be sure we understand correctly, it sounds like you're unable to place or receive phone calls, correct? If so, we have an excellent guide to help with this. Let us know if it helps: https://t.co/U53YusKX3z"
2520660,717960,@AppleSupport My wife’s Apple Watch constantly misses 6am to noon stand goal every day. It’s like she’s not even wearing the watch. The hours are black like she’s not wearing it at all. Series 1 with updates and iPhone 8+ other days it says all stand but hours is off. https://t.co/j2PPBttzMg,wifi_connectivity,0.21497856080532074,"@717960 We can work on it together. What version shows for Apple Watch in Settings &gt; General &gt; About? Have both devices been restarted? Meet us in DM, please. https://t.co/GDrqU22YpT"
1988636,588576,@applesupport,general_inquiry,0.2848902940750122,@588576 Thanks for reaching out to us. We know how important it is to get that setup &amp; we'll be glad to help. DM us to continue. https://t.co/GDrqU22YpT
1706859,517274,"Dear @AppleSupport,  
Fix your damn software!
Sincerely, One pissed off customer.",app_crash,0.37260866165161133,@517274 What kind of issues are you having? We'd love to help out. https://t.co/GDrqU22YpT
1840524,551592,"WiFi &amp; BT don’t actually “turn off” from the control center, automatic backlight adjustment, no nighttime mode button. Bad update @115858",wifi_connectivity,0.3615841269493103,"@551592 We can help you out! To start, this article goes over where the Auto-Brightness settings are: https://t.co/bkqEVCrK2l DM us here. https://t.co/GDrqU22YpT"
2372286,684437,@AppleSupport is iCloud having issues? Can’t log in on Mac or browser.,app_crash,0.26249879598617554,"@684437 It looks like the servers are currently up and running. You can check anytime here: https://t.co/7NVrDovSd8  That said, we want to help you regain access. Let us know what's happening when you try."
2060032,609276,"@AppleSupport Hey team, you guys planning to fix all the bugs in 11.1 soon? They’re pretty annoying 😕",ios_update_issue,0.3170396685600281,@609276 We'd like to gather some more info to figure out the best path forward. Send us a DM and we'll go from there. https://t.co/GDrqU22YpT
127640,144682,"@144683 See, I don’t get this! It irritates the living CRAP out of me! Why does it say “downloaded” but yet you can’t listen to it without signal? Thought that was the whole deal with podcasts! The ones I listen to delete quickly and then I miss it! Please fix @AppleSupport",wifi_connectivity,0.197282612323761,@144682 Thanks for reaching out. We're here to help. DM us so we can look into this further with you. https://t.co/GDrqU22YpT
57492,129042,@115858 fix this nightmare https://t.co/KmHjOQ7h9d,ios_update_issue,0.19019460678100586,@129042 We can help out. Could you Direct Message us and let us know what iOS version you're on? https://t.co/GDrqU22YpT
2247015,654840,@AppleSupport completely incompetent and possibly the worst customer service I’ve ever experienced. Embarrassing.,general_inquiry,0.34610286355018616,@654840 That's not an experience we want for you. Please DM us more details about this using the link below: https://t.co/GDrqU22YpT
2631561,743081,@AppleSupport My 6 plus iPhone is spontaneously playing music. The screen is freezing up constantly within various apps. I have completed the 11.1.1 update and this has not resolved the issue,ios_update_issue,0.4148205816745758,@743081 We're here to help. Does this happen when the device is lying on a flat surface? How long have you been having this issue?
1272397,400229,"@AppleSupport Tried on both my 5th generation iPod and Samsung Galaxy S7. It lets me log in, but when I try join, it says ""already a member"" but no music",general_inquiry,0.2841922640800476,@400229 Thank you. We’re investigating and will update our System Status page as more info becomes available: https://t.co/Fcu0biZf0L
764227,302639,@AppleSupport seems my iCloud was hacked and my iMac has been locked with a code over find my phone. How do I unlock it!?,general_inquiry,0.17809194326400757,@302639 Thanks for reaching out. Let's look into this together. Join us in DM and we will continue there. https://t.co/GDrqU22YpT
1614434,495207,@AppleSupport I just tweeted and it was the weird symbol,general_inquiry,0.18993444740772247,@495207 DM us and we can continue there. https://t.co/GDrqU22YpT
1092510,377809,"@AppleSupport i tried gifting a song to somebody but they said it didn’t work, but it worked completely fine for somebody else?",general_inquiry,0.21659651398658752,@377809 Let's see if you're able to resend that gift. Here's an article with the information on how to: https://t.co/dmWUqhdz5n
332843,195272,@AppleSupport please address the scrolling issue after iOS 11.0.2 update.,ios_update_issue,0.48774659633636475,@195272 We'd love to get more details and assist you with your issue. DM us using the link below: https://t.co/GDrqU22YpT
1025599,362688,"@AppleSupport Yes, is the only...",general_inquiry,0.37801337242126465,"@362688 If other devices connect, have you been able to reach out to the manufacturer of the Marshall about a firmware update?"
124419,143867,what the fuck @115858 why the fuck did i have to do a restore on my phone just to get it to accept a charge and now ive lost so much important shit,battery_drain,0.2923198938369751,"@143867 We'll do all we can to help. Follow up with us in DM. Tell us how you restored the device, and the type of data now missing there. https://t.co/GDrqU22YpT"
387615,207747,"Bloody phone, if I listen to music before bed the phone alarm goes to mute @AppleSupport why??  I have to turn it off and on again.",battery_drain,0.2904709577560425,@207747 We'd like to learn more about this so we can help. Can you let us know which iOS version your device is running currently?
268230,179959,@AppleSupport hi wanna run some battery health diagnostics on my phone?,battery_drain,0.47458675503730774,@179959 Which device and iOS version are you using? Let us know in DM to begin. https://t.co/GDrqU22YpT
285207,174562,@AppleSupport But how do I make it control what’s playing on my phone instead - I wanna leave the phone on the floor at the gym &amp; change tracks on watch,general_inquiry,0.20480412244796753,@174562 We're glad you were able to get it working properly. If you have any additional questions please feel free to reach out.
854537,322952,"@AppleSupport got an iphone 5s, running ios11 but had the problem on ios10 too. the podcast app will rewind to a certain point everytime i press pause",ios_update_issue,0.29554834961891174,@322952 Got it. Please meet us in DM to continue. https://t.co/GDrqU22YpT
2352109,380381,My phone keeps freezing &amp; my laptop won't turn on. @115858 you're ruining my life...,battery_drain,0.4533969461917877,"@380381 We know how much your devices mean to you and would like to help. Send us a DM with your iOS version and we'll start working on this together. To find your version, go to Settings &gt; General &gt; About. https://t.co/GDrqU22YpT"
434643,218255,"Since I updated to iOS 11, my camera doesn’t work. 🙄 anybody else having this issue? @115858 @AppleSupport",ios_update_issue,0.4635313153266907,@218255 Send us a DM and let us know what version of iOS 11 you're running. We'll go from there. https://t.co/GDrqU22YpT
690422,284986,Getting really pissed off - a perfectly good phone is basically useless after #iOS11 updates. Everything is so damn slow now and my battery is shit. @AppleSupport any ideas?,ios_update_issue,0.6198306083679199,@284986 We'd like to see how we can help with your iPhone. Send us a DM with the exact iOS version your device is running. https://t.co/GDrqU22YpT
2446393,701335,@701336 @115858 @AppleSupport Thank the Lord you’re here Keaton from Apple support. I️ can’t seem to get my phone to let me be egotistical and use the word/letter “I️”,general_inquiry,0.30371055006980896,"@701335 We want to help. Back up and update to iOS 11.1.1 if you haven't already and let us know if this resolves the issue for you. 

Backup and update iOS: https://t.co/ahjigcvFRG"
2093825,618669,@115858 eye would like you to fix the eye problem please,app_crash,0.1929973065853119,@618669 Here’s what you can do to work around the issue until it’s fixed in a future software update: https://t.co/xXaXeeSRt9
593538,260538,@115858 listen. I love y’all with all my heart. From the time I got an iPod Nano and before. But fix this iOS 11 https://t.co/9FE86XNtJi,ios_update_issue,0.45475438237190247,"@260538 We'd be happy to help!  Can you tell us more about the behavior you're experiencing?  Also, what model device are we working with today?"
2743023,768329,I must say @AppleSupport latest update is poor. Correcting spelling that is already correct. Putting capital letters in. Changing languages ie hôtel not hotel. Woeful. Just woeful.,app_crash,0.22240689396858215,@768329 Let's see what we can do to get this resolved. Which device are you experiencing this on? Reply in DM to get started. https://t.co/GDrqU22YpT
2113852,597631,Dear @115858 my iPhone 6 just started to turno off on his own and everytime I try to turn it back on it shows me low battery. I plug in and then it says I nave 100% battery life. I changed the battery 2 months ago and I can't understand what is the problem... https://t.co/XzfXJz0NB2,battery_drain,0.4351368546485901,"@597631 Let's check it out together. Tell us in DM how the device is being charged, please. https://t.co/GDrqU22YpT"
1990824,450156,@115858 this isn’t what we meant when we asked you to fix our I️ https://t.co/PGIGwZnVdV,battery_drain,0.162183940410614,@450156 We'd like to gather some more information for better troubleshooting. Can you DM us the country you are located in? https://t.co/GDrqU22YpT
40532,124894,"@AppleSupport Nothing recently, i suspected uBlock but tried after disabling that.",app_crash,0.32229083776474,@124894 Are there any other extensions that you tried disabling?
1436730,453534,@AppleSupport Okay. How can I answer a call when I am wearing my #AirPods?,general_inquiry,0.21128931641578674,@453534 This article shows how to use all the functions of the AirPods: https://t.co/1gycpwHngk
695325,285837,Why does my phones battery go down when charging-the fuck you playing at @115858?,battery_drain,0.548460066318512,@285837 That's not the type of behavior that your phone should have. Which iPhone and Software Version are you using? Click here to let us know in DM: https://t.co/GDrqU22YpT
846962,321295,@115858 the new iPhone update is draining my battery like crazzzzy! Always on low power made. Still doesn’t last more than a few hrs 😡😡😡,battery_drain,0.5080068707466125,@321295 Let's see why your battery is having trouble. We want to make sure you can rely on it! What iPhone model do you have?
1747352,526755,"Oh and I was writing out a deep ass text with mad thought to it, but my phone froze and it closed out my message thanks again @115858",app_crash,0.2547195255756378,@526755 We'll do everything we can to help your device. What happens when you try to send a text?
388563,207941,@AppleSupport my se on 11.0.2 striggling to connect to bluetooth devices. Any problem?,general_inquiry,0.2806900143623352,@207941 Having Bluetooth working right is critical. What devices were you trying to connect to? We'll look into this with you.
2711873,761386,@AppleSupport Software Update 11.1.2 as soon I pressed update my phone hasn’t been the same I regret it,ios_update_issue,0.44604524970054626,"@761386 Can you tell us if it is happening on a specific app, or several apps?"
1182169,398000,"@116333 
Hi I hv purchase a IPhone 7 Plus Its get very hot it seams it will bust pl",ios_update_issue,0.263008177280426,@398000 We'd like to see how we can help. DM us and we can get started. https://t.co/GDrqU22YpT
376841,205410,@115858 I just bought an iPhone se and the fingerprint is already not working #wtf #seriously #factorydefects,ios_update_issue,0.2820054590702057,@205410 We’re here to help. Let’s team up in DM and we’ll do our best to assist you. https://t.co/GDrqU22YpT
762780,302269,"i cant call anyone, take calls, or take videos. what the fuck @115858 fix your fucking ios 11 bullshit",ios_update_issue,0.39658984541893005,@302269 We can help with the iPhone performance. What happens when you attempt to make calls?
2366180,402287,@AppleSupport Since updating to IOS 11 my IPad responds so slow that I can't even stream movies any longer.    And now I can't go back to IOS 10.  What is your suggestion?,ios_update_issue,0.6394405364990234,"@402287 We'd like to look into this with you so that you can enjoy your iPad. We've recently released an update to iOS 11, which is iOS 11.1.1. Have you updated to that one as well? Check at Settings &gt; General &gt; Software Update. If not, be sure to back up first."
2065211,610728,"@AppleSupport and didn’t help me, he said that he checked saw it was not software and didn’t want to but he did charged me i just want help",general_inquiry,0.21519678831100464,@610728 We want to look into this with you. Send us over a DM with the iPhone model and iOS version you're using. We'll continue there. https://t.co/GDrqU22YpT
2141648,322330,@AppleSupport I’m using my laptop &amp; most of my purchase are no longer being showed in all my purchase or not on this device,general_inquiry,0.4742549955844879,@322330  We would love to help you. Please DM us so that we can look into this together. https://t.co/GDrqU22YpT
2499230,303338,"This new iOS 11 bug sucks. Log in to phone and see this spinning wheel, goes back to lock screen, then have to log in again to get it to work. Using PIN; not FaceID. @AppleSupport https://t.co/nUkPxw19Gp",ios_update_issue,0.4012550711631775,@303338 We’re here to help. Please DM us the version of iOS 11 you’re using so we can better assist you. https://t.co/GDrqU22YpT
2493140,711720,Hi @AppleSupport how can I access audiobooks not purchased on iTunes but in the #audiobooks section of my #iTunes library on my #iPhone?,general_inquiry,0.2604670524597168,"@711720 We want to help you with Audiobooks.  Are these currently in your iTunes library, on your computer?"
484572,209969,Of course we get over the question mark and exclamation mark when typing I. But now you can’t type it without a focking dot. I.t I.t I.t I.t I.t I.t I.t @115858 FIX YOUR SHIT,battery_drain,0.11413271725177765,"@209969 You are in the right place! Let us know in DM, which iOS version is currently installed on your device. You can check that in Settings &gt; General &gt; About. https://t.co/GDrqU22YpT"
2508184,715058,"Thanks @115858 for fixing the I issue. Now my phone can’t handle having an app open while receiving a text or phone call. You know, the point of a smartphone?",app_crash,0.31957030296325684,@715058 Hey there. We'd like to look into this issue with you. Send us a DM so we can chat there. https://t.co/GDrqU22YpT
2679927,754019,@AppleSupport new update on iPad but the screen goes from being super unresponsive to overly responsive when you touch it. Weird!,ios_update_issue,0.5279423594474792,"@754019 Let's work together to figure out what's going on. To clarify, are you referring to 11.1.2 when you say ""new update""? Also, are you having issues with false touch now or it doing things you're not intending when touching the display?"
763674,302498,"@AppleSupport for the first time in years, big disappointment! iOS11 on iPhone6 crashes all the time, freezes, no audio to headphones...",ios_update_issue,0.5082009434700012,@302498 Thanks for reaching out. Have you updated to iOS 11.0.2? This update may help each issue. Let us know in a DM. https://t.co/GDrqU22YpT
847037,321302,"@AppleSupport Hey, iOS 11.0.3 has completely killed my Touch ID. No longer works on my iPhone 6s+. Already tried your troubleshooting.",ios_update_issue,0.4319232404232025,@321302 We know how useful Touch ID is. We'd be happy to help you out. Let's go over to DM to continue looking into this. https://t.co/GDrqU22YpT
559032,250647,Hey @AppleSupport You gonna give me a wake up call for 4am? Thanks for destroying the 6s. https://t.co/JBJrIV0ZdG,battery_drain,0.19557546079158783,@250647 Thanks for reaching out. We want to make sure your Clock app is working as expected. What is your current iOS version?
1635713,500334,"@AppleSupport hi, are you all doing anything to correct this malfunction with “I”?",app_crash,0.2978096604347229,@500334 Here’s what you can do to work around the issue until it’s fixed in a future software update: https://t.co/xXaXeeSRt9
432362,217830,@AppleSupport Hi! One question: Apple Watch Series 3 doesn't work with iOS 10.3.3? I have an iPhone 5 and it works really good! ;),ios_update_issue,0.3739861249923706,@217830 Great question! The Apple Watch Series 3 requires your iPhone to be updated to the newest iOS.
1073373,373269,@AppleSupport iOS 9 iPhone 6+,ios_update_issue,0.36621201038360596,@373269 Is the iPhone behaving this way when using particular applications; have you checked for device and application updates?
1533845,475685,I’m just about to use a lowercase L to replace this glitch @115858 can’t seem to fix 😑,app_crash,0.2311549037694931,@475685 We'd love to help. DM us what iOS version you're on. https://t.co/GDrqU22YpT
965346,349069,@AppleSupport Oh it’s started working ! Disregard. Thanks anyway,app_crash,0.20698103308677673,@349069 Great! So glad to hear it's working. We're here for you if you have any other questions.
225162,169784,@AppleSupport Yes.,general_inquiry,0.38423365354537964,@169784 Thank you. Go ahead and send us a DM and we will look into this further together. https://t.co/GDrqU22YpT
2060789,609489,@115858 fix this fucking battery life after that shitty update. Wtf,battery_drain,0.4567979574203491,@609489 We're happy to look into issues with your battery. Let us know in DM what iOS version is installed to get started. https://t.co/GDrqU22YpT
2497128,444550,@AppleSupport how i can chat with online store from another country? Can you tell me international phone number for Malaysia?,general_inquiry,0.16253799200057983,@444550 Sure no problem. Take a look here for international phone numbers: https://t.co/1OxnSOXiWG
1864652,557097,@AppleSupport 11.1 or 11.0.1 or 11 makes no different if all of them keeps freezing and crashing https://t.co/e1R51R3OW1,app_crash,0.5637054443359375,@557097 Thanks. Let's look into this further. DM us with anything you've tried on your own to resolve this to begin. https://t.co/GDrqU22YpT
2680915,754226,@AppleSupport my phone fell off my bed last night. it fell 2 ft 2in. recently bought my iphone 8 and hadn’t experienced this problem before? https://t.co/eWuDhDwGdu,battery_drain,0.2666994333267212,@754226 We're here to help. Let's take this to DM so we can better assist you. https://t.co/GDrqU22YpT
208163,165242,Hey @AppleSupport @115858 why is my health app not collecting data?,general_inquiry,0.24819329380989075,"@165242 We're here to help. So we can look into this with you, which device are you using the Health app with?"
2021754,597927,@115858 @applesupport why is the hotspot turning itself on? why is the celluar data turning itself off? WTF is going on w/ios? UGH ;(,ios_update_issue,0.3359355032444,@597927 We'd like to look into this with you. DM us which iOS version you're currently running and we'll continue there. https://t.co/GDrqU22YpT
493526,232652,@AppleSupport Do you guys still do appointments? I tried booking for an appointment on your website and I couldn't find it. All I got was your phone number. #notaccessible,general_inquiry,0.18178892135620117,@232652 Thanks for reaching out to us. We are always happy to help. Send us a DM and clarify what type of visit you're trying to make. We'll look into it with you there. https://t.co/GDrqU22YpT
617335,266464,@AppleSupport It’s been on,general_inquiry,0.20144644379615784,"@266464 Let's get a few more details. To continue, please DM us with the device model and the exact iOS version you're using. You can find this by going to Settings &gt; General &gt; About. https://t.co/GDrqU22YpT"
1735948,524114,@AppleSupport why is my phone doing a question mark for the letter I️ can you fix this pronto,app_crash,0.2867611348628998,@524114 Here’s what you can do to work around the issue until it’s fixed in a future software update: https://t.co/xXaXeeSRt9
2404988,691757,"Hey @AppleSupport! I've got a new 12"" iPad Pro with your keyboard cover. But when using that cover, it is popping up from the table. Do you have any suggestions on how to fix this? It's very annoying :( https://t.co/vT6MunnM0J",wifi_connectivity,0.1761014759540558,@691757 Let's take a look. Does your iPad and cover lay flat when it's not being used? Does this happen on every surface you use it on?
713790,127273,@AppleSupport Waze doesn't work anymore on ios 11. Can't put in a destination without it crashing.,ios_update_issue,0.3724406361579895,"@127273 Let's figure this out together. What iOS 11 version are you using? Also, do you have any app updates available?"
818227,314890,@AppleSupport It wasn’t like this before,general_inquiry,0.20965425670146942,@314890 Let's look into this further together. DM us and we'll continue there. https://t.co/GDrqU22YpT
2048282,605750,"@AppleSupport No exact text ,, but the iPhone itself has been deactivated and stopped suddenly many times while using and opening any app",ios_update_issue,0.3727472424507141,@605750 Do you mean that the iPhone is freezing or restarting? Let us know in DM so we can team up to get this resolved. https://t.co/GDrqU22YpT
1532200,475261,@AppleSupport what’s up with these question marks? https://t.co/084dFjDKml,general_inquiry,0.20989051461219788,@475261 We'd be happy to take a look at this with you. Could you DM us the exact version of iOS you are running? https://t.co/GDrqU22YpT
1705355,516894,spend more time restarting my phone than i do on it now @115858 you are shit,ios_update_issue,0.29290133714675903,@516894 We want to help. What seems to be the problem with your iPhone? Tell us in DM. https://t.co/GDrqU22YpT
848970,321729,this update legit makes my phone slower @115858 fix this,ios_update_issue,0.5277444124221802,@321729 Let’s dig a little deeper to see what we can find out. Which version of iOS 11 are you running on the iPhone?
2005323,581884,can @115858 fix this please 🙄😐 https://t.co/leud7aAKjh,battery_drain,0.1610717475414276,"@581884 We have an article we just released that can help with this issue: https://t.co/pjfPUtm7HO
DM us any questions. https://t.co/GDrqU22YpT"
2621130,318545,@AppleSupport are you sure this works? The Live Photo feature keeps coming back in the camera app https://t.co/en7EvQ7ktT,ios_update_issue,0.2350187599658966,"@318545 We want to help out. To verify, does it seem to come back after a certain amount of time or after using a certain app? Have you updated to iOS 11.1.2 yet? If not, backup, update, and test turning off Live Photos again and let us know if this helps."
1834694,550276,"Hey @115858, #ios11 has been great so far. My battery dies about 3 times/day, phone freezes half the day, and nothing works! @AppleSupport",ios_update_issue,0.5198895931243896,"@550276 Hello there! Let's check into what's going on with your iPhone. To get started, DM us which iPhone you're using: https://t.co/GDrqU22YpT"
1746009,526423,SERIOUSLY @115858 WTF IS UP WITH THESE LITTLE SQUARE BOX QUESTION MARK SHITS,battery_drain,0.1318000853061676,@526423 Here’s what you can do to work around the issue until it’s fixed in a future software update: https://t.co/xXaXeeSRt9
2628962,555764,@115858 still waiting for my phone to work properly after this update.............................,ios_update_issue,0.345122754573822,@555764 We'd like to help with any issues you may be experiencing. DM us and tell us more about what's happening with your iPhone. https://t.co/GDrqU22YpT
819546,315221,"Twitterji, prosim pomagajte! 🆘 
Kdo v LJ popravlja te polnilce? 
Hvala za RT @115858 🔫 https://t.co/m47VzmBLOS",battery_drain,0.06148320436477661,@315221 We offer support via Twitter in English. Contact us for help in your preferred language here: https://t.co/IBIY3vMgPj
552225,248746,@156471 @115858 I just updated to #iOS 11.2 and my #ApplePay  didn’t show up.,ios_update_issue,0.3487912118434906,"@248746 Thanks for reaching out. Are you referring to Apple Pay Cash? If so, let us know in a DM and we'll continue. https://t.co/GDrqU22YpT"
1484389,464716,@AppleSupport DM sent. Thank you,general_inquiry,0.18550138175487518,@464716 We've received your DM. Check for our response there shortly.
2673935,752767,@115858 @121584 Lot of Disney apps still not working on iPad. Can’t rollback to iOS 10.3.3. Disappointing :-(.,ios_update_issue,0.48595374822616577,@752767 We'd love to help in any way we can. What's happening with the apps when you try using them? Have you checked for app updates?
55114,128497,@115858 @115858 @AppleSupport If your reps are going to be calling from international numbers you better be ready tonpay those international tolls,general_inquiry,0.1729213148355484,@128497 We'd like to see how we can help with this. Please connect with us in DM and we'll get started: https://t.co/GDrqU22YpT
395529,209615,@115948 @AppleSupport please explain why these songs appear twice. this is trash. https://t.co/TpsLfwVkJd,general_inquiry,0.20638416707515717,@209615 We'd like to help. What device is this? Have you tried restarting it to see if the issue persists? When did you notice it?
2499321,713107,@115948 @AppleSupport someone  please help me! https://t.co/z2oRmGGHXr,general_inquiry,0.2088516354560852,"@713107 Thanks for reaching out to us. We're here to help. We recommend speaking to one of our iTunes Advisors, so they can verify your account and continue troubleshooting this issue. Please follow the link to begin:  https://t.co/SDIe7UiyJN"
1002263,357250,Telefonum resmen Çin malından beter oldu şunu düzeltecek ya birSürüm yapın yada eski İos10’a geri dönmemize izin verin @AppleSupport @115858,general_inquiry,0.20160019397735596,@357250 We offer support via Twitter in English. Contact an Advisor for help in your preferred language here: https://t.co/IBIY3vMgPj
1677073,510131,Can y’all seriously fix the issue of not being able to type the letter I️ @AppleSupport @115858,app_crash,0.29039323329925537,@510131 Here’s what you can do to work around the issue until it’s fixed in a future software update: https://t.co/xXaXeeSRt9
898659,333389,@115858 hey why did the update mess up? I️ am very upset that I️ cannot use the pronoun I️,ios_update_issue,0.21727532148361206,@333389 Here’s what you can do to work around the issue until it’s fixed in a future software update: https://t.co/xXaXeeSRt9
157759,152249,Well this is annoying @115858 @AppleSupport - 3 hours 3 tries and no way to get past it...help anyone? #iphonex https://t.co/iNGYYGCm2s,ios_update_issue,0.4316946864128113,@152249 We're happy to help. Try the steps here first: https://t.co/Ui1yTnOCUz  This will walk you through performing the over-the-air update on your iPhone X. DM us if you are unsuccessful: https://t.co/GDrqU22YpT
1745511,526312,I️ I️ I️ I️ I️ I️.... Fix this shit @AppleSupport 😒,general_inquiry,0.18335369229316711,@526312 Here’s what you can do to work around the issue until it’s fixed in a future software update: https://t.co/xXaXeeSRt9
1905445,567794,FIX iOS 11 🗣 my stuff keeps freezing! @AppleSupport,ios_update_issue,0.5372564792633057,@567794 We can help with the iOS performance. Could you Direct Message us and let us know what country you're located in? https://t.co/GDrqU22YpT
1178975,397291,"@AppleSupport und @115858 es ist echt nervig, dass der Wecker nicht mehr funktioniert. Ach ja jetzt wurden ja die neuen iPhones gelauncht -.-",ios_update_issue,0.24585466086864471,@397291 We offer support via Twitter in English. Contact us for help in your preferred language here: https://t.co/IBIY3vMgPj
936775,342071,I don’t know why the fuck your iOS 11 keeps on turning on my bluetooth @115858. Are you guys smoking something????,ios_update_issue,0.4275614023208618,@342071 The following guide details the relationship between Wi-Fi and Bluetooth within Control Center: https://t.co/G7BHuQnDS6
1636193,500458,"@AppleSupport 
Whhhyyyy??????? https://t.co/7SLZ7ZUtTR",general_inquiry,0.26265406608581543,"@500458 Hey, we want to look into what's going on. Please DM us the iOS version and we'll work together from there. https://t.co/GDrqU22YpT"
644905,273060,@AppleSupport And I can’t just wait for the next available appointment because I have an interview to attend. #itried,general_inquiry,0.17554417252540588,@273060 We'll be happy to take a look to see if we have some other options for you. DM us. We'll look forward to hearing from you. https://t.co/GDrqU22YpT
1365536,437923,@AppleSupport I can’t order my iPhone X from my reservation because I hadn’t changed the billing address to my ATT account from PO Box. Help,general_inquiry,0.26065605878829956,@437923 We'd like to get you to the right spot for help! Reach out to our Online Store Support team here: https://t.co/8yjRd1Xo0i
2682054,754484,"@AppleSupport Just lately my battery has been running out really quickly, can’t make it through a day without charging at least twice.  I already got a battery replacement last year, though.",battery_drain,0.6018084287643433,"@754484 Which versions of iOS have you seen this happen on? If you recently updated to iOS 11, did it happen before you updated? Let us know in DM to continue. https://t.co/GDrqU22YpT"
1505178,133516,"@AppleSupport My dad’s phone needs service, Can I bring his phone into the Genius Bar to be serviced for him under an appointment?",general_inquiry,0.3609257936477661,@133516 We can help. You can schedule an appointment to have the phone examined. Meet us in DM if you need help with booking a visit. https://t.co/GDrqU22YpT
2297048,666861,Ay yo @115858 @AppleSupport this “I️” glitch shit really pissin me off fam...,ios_update_issue,0.22706875205039978,"@666861 Let's look into this together. Which iOS are you running on your device? If you are not on iOS 11.1.1 yet, please update and let us know if your issue is resolved: https://t.co/80YRnjDFDk"
2562299,727152,hey uh @115858 can u pls make it so that I don't have to see gd notifications for ppl reacting to things in the group chat 😩I have never once needed to see a banner telling me someone 'liked' a text,general_inquiry,0.035470299422740936,@727152 Hello. We've got yo covered. Here's how you can turn on Hide Alerts: https://t.co/zdkcAVkpSV
1890475,285850,@118101  l think my new iPhone 7 might be a bit faulty - do I talk to you or @AppleSupport ?,ios_update_issue,0.4668651819229126,@285850 We're happy to help with your iPhone. DM us details of what's going on with it and we'll get started sorting things out. https://t.co/GDrqU22YpT
245997,174428,"Fix the battery life on iOS 11, please!!  😤😤😤 @115858 @AppleSupport",ios_update_issue,0.5126389265060425,@174428 Thanks for contacting us. We know battery life is important. We recommend checking out this link: https://t.co/bivpdfBNJ6
2478970,708460,"@AppleSupport I'm unable to access the developer program. I do have invoices and purchase orders with me. Please Help!

Case ID: 100339964078",app_crash,0.22090287506580353,@708460 Our developer support team can help look into this issue with you. You can reach out to them here: https://t.co/6zYukucF5S
2129222,449198,Have we made any progress with I️ @AppleSupport ... I’m over this,ios_update_issue,0.3036920428276062,@449198 Here’s what you can do to work around the issue until it’s fixed in a future software update: https://t.co/xXaXeeSRt9
724000,293379,"Smthng is v v wrong with new update. Constantly freezing, apps not responding since I updated to Ios 11.0.2 needs fixing fast @AppleSupport",ios_update_issue,0.6861459016799927,@293379 We are here for you.  Send us a DM so we can take a closer look at this with you. https://t.co/GDrqU22YpT
430138,217273,@AppleSupport Thank you!,general_inquiry,0.26702749729156494,@217273 You're very welcome! Have a great rest of your day!
1647798,503429,@115858 fix these goddamn I️,app_crash,0.18755418062210083,@503429 Here’s what you can do to work around the issue until it’s fixed in a future software update: https://t.co/xXaXeeSRt9
1650087,504009,"@AppleSupport IOS11 Blows, This Shit Keeps Draining My Battery.",battery_drain,0.5182183384895325,@504009 We want to help. Send us a DM letting us know if you are updated to iOS 11.1 https://t.co/GDrqU2kzhr
1970358,583677,Broken earphones meaning I have to hang around an @115858 store when all I want to do is go home 😭,general_inquiry,0.15267863869667053,"@583677 We may be able to help you out. Send us a DM with your country, so we can talk more about your options. https://t.co/GDrqU22YpT"
782376,306758,Bugün tam 5 kere şarj oldun be sevgili apple ... @115858,general_inquiry,0.20610514283180237,@306758 We offer support via Twitter in English. Contact us for help in your preferred language here: https://t.co/IBIY3vMgPj
2385166,640753,@AppleSupport Hi I recently purchased the iPhone SE and I'm trying to login to my old Apple ID account but I don't have my recovery key nor have access to my old phone number or old device. Please help. I need access.,general_inquiry,0.1710917055606842,@640753 Thank you for taking the time to reach out to us. Please take a look at the information here about two-step verification: https://t.co/y8ghmuXVpf Please DM us with any questions. https://t.co/GDrqU22YpT
2502079,713686,@AppleSupport It just goes through or appears to go through. The missed imessage/SMS texts that are coming to me are intermittent. Some are coming through. Some are not. I reset to factory settings and it was/is still happening.,wifi_connectivity,0.30882585048675537,@713686 You've taken a number of great steps. Have you contacted your carrier to check your account? You'll find this and some other steps here: https://t.co/2hgNQH8Vvq Feel free to reach out via DM if you need further assistance. https://t.co/GDrqU22YpT
489654,231619,currently phoneless because @115858 sucks and my phone is stuck in a reboot loop and nothing they're suggesting is working :-),ios_update_issue,0.2569904923439026,@231619 We'd like to look into this with you. Please DM us details of your interaction with us and the issue you're having. We'll work with you on these issues. https://t.co/GDrqU22YpT
1149944,390603,@AppleSupport When I first updated to iOS 11. Every time.,ios_update_issue,0.503795862197876,@390603 Let's look into this a bit closer. Join us in DM using this link: https://t.co/GDrqU22YpT
2313216,670809,@115858 PLEASE FIX THIS UPDATE. MY PHONE IS USED FOR BUSINESS AND I️ CANT TYPE FOR SHIT,ios_update_issue,0.345105916261673,@670809 Here’s what you can do to work around the issue until it’s fixed in a future software update: https://t.co/xXaXeeSRt9
2018207,596840,@115858 Have any plans on fixing this “eye” issue?,ios_update_issue,0.24613162875175476,@596840 We'd recommend trying the steps here: https://t.co/xU1AGHStV6 let us know in DM if the issues continue. https://t.co/GDrqU22YpT
2001790,322102,"@AppleSupport I'm having trouble typing vowels on my keyboard. They are appearing as ""A?"" ... please help. https://t.co/AXS9SfgPNO",app_crash,0.15606459975242615,"@322102 You're in the right place. Send a DM telling us the iPhone you have, the iOS version it's running, and the letters affected. https://t.co/GDrqU22YpT"
1625408,497768,@AppleSupport I bought apple music and now I can't add/delete my itunes music folders onto my iphone.  What's the deal?,ios_update_issue,0.2643045485019684,@497768 Help is here! Have you restarted your device to see if that helps? What iOS version is currently installed?
2794395,779812,"@AppleSupport

WORST WORST EXPERIENCE........

HELP. HELP.... HELP....

TRYING TO GET HELP BUT NPT RESOLVED YET........

I bought my macbook air 2017, in last week of September 2017.

WITHIN LESS THAN A MONTH it started malfunctioning, started freezing.",app_crash,0.48264560103416443,"@779812 We want to help. Please send us a DM, so we can take a closer look at this issue with you. https://t.co/GDrqU22YpT"
1118206,383848,"@AppleSupport I won’t get WhatsApp notifications till I open the app, ever since updating to iOS 11. Currently using iOS 11.0.3. Pls help.",ios_update_issue,0.29564231634140015,@383848 Thanks for reaching out. We've also received your DM and will respond from there to help with your WhatsApp notifications.
2355937,516849,@AppleSupport New High Sierra update on my Macbook messing up my computer pretty bad!  How do I fix it?,ios_update_issue,0.2737376093864441,@516849 We can work on a solution together. Can you tell us what you're experiencing?
1961575,581728,"@AppleSupport Store is saying has to be iPad, iPhone, or watch. Who do I reach out too to clear up the confusion?",general_inquiry,0.4850429892539978,"@581728 You can review this info here: https://t.co/ev5QiiHXHb 

If you still have questions, meet us in DM so we can continue to assist. https://t.co/GDrqU22YpT"
1710039,518098,@115858 fix this stupid ass glitch already I️ will not tolerate this any longer!,battery_drain,0.19767941534519196,@518098 Here’s what you can do to work around the issue until it’s fixed in a future software update: https://t.co/xXaXeeSRt9
1203490,402725,"@AppleSupport No.  It happened again this week but I'm watching on my Macbook Air with captions, no problem.  I don't know why the AppleTV doesn't.",general_inquiry,0.1888805478811264,@402725 Let's get you connected to our Apple TV team. Please use this link to get in contact with them: https://t.co/IBIY3vMgPj
1726212,522069,"@115858 @AppleSupport very frustrated with iOS update! Phone is constantly freezing and battery life has shit the bed. I️ rely on this phone for work, please HELP!",ios_update_issue,0.601947546005249,@522069 Thanks for contacting us! We're here to help. Which iPhone model are you using? Let us know in DM. https://t.co/GDrqU22YpT
1452988,457187,@AppleSupport I am using an iPhone 6s,general_inquiry,0.3136901259422302,@457187 What version of iOS are you currently running? Find that in Settings &gt; General &gt; About. https://t.co/GDrqU22YpT
1335442,431533,"@AppleSupport I was on a phone call for no more than 10 minutes. All of a sudden, it started getting extremely hot.",battery_drain,0.38852110505104065,@431533 Thanks for confirming. Did you receive a heat warning on your device? DM us and we'll continue there. https://t.co/GDrqU22YpT
1435824,453337,Wtf is up with your new iOS update @AppleSupport ? https://t.co/lNxrLhpoJj,ios_update_issue,0.5660913586616516,@453337 We'd like to see if we can help you out. Send us a DM and we'll continue from there. https://t.co/GDrqU22YpT
2341936,677418,"My #AppleWatch OLED screen is worst every day... Did you think this is acceptable @AppleSupport @116333 ? Early adopter of #iPhone Edge &amp; #AppleWatch . #iPhoneX ? No, never again! 😡 #OLED #screen #burnin https://t.co/jNuWeLfZcq",general_inquiry,0.2284383326768875,"@677418 We want you to be able to enjoy your Apple Watch, and we'll do all we can to help. To get started, let us know what country you're in via DM: https://t.co/GDrqU22YpT"
550813,248326,@AppleSupport The newest one. Two weeks ago. I have disabled and then started again. So I go through the process of my voice with Siri and it says ready to use. I lock phone and say Hey Siri and nothing.,ios_update_issue,0.3432343602180481,"@248326 Let's help make sure everything is set right. Do you currently have ""Allow Siri When Locked"" enabled under Settings &gt; Siri &amp; Search? If not, please enable the feature and then test Siri to see if the behavior continues."
